{
    "rmse": 0.7211303446686655,
    "mae": 0.5615985707894022,
    "r2": 0.21087419417566788
}